{
  "carros": {
    "novos": [
      {
        "id": 312,
        "marca": "Chevrolet",
        "modelo": "Onix",
        "ano": 2024,
        "valor": 89000.00
      },
      {
        "id": 313,
        "marca": "VolksWagen",
        "modelo": "Polo",
        "ano": 2024,
        "valor": 94000.00
      },
      {
        "id": 322,
        "marca": "Hyundai",
        "modelo": "HB20",
        "ano": 2024,
        "valor": 96100.00
      },
      {
        "id": 319,
        "marca": "Fiat",
        "modelo": "Strada",
        "ano": 2024,
        "valor": 92000.00
      },
      {
        "id": 230,
        "marca": "Chevrolet",
        "modelo": "Cruze",
        "ano": 2024,
        "valor": 118000.00
      },
      {
        "id": 232,
        "marca": "Fiat",
        "modelo": "Mobi",
        "ano": 2024,
        "valor": 82200.00
      },
      {
        "id": 277,
        "marca": "VolksWagen",
        "modelo": "Nivus",
        "ano": 2024,
        "valor": 137000.00
      }
    ],
    "usados": [
      {
        "id": 401,
        "marca": "VolksWagen",
        "modelo": "Gol",
        "ano": 2019,
        "valor": 55000.00
      },
      {
        "id": 410,
        "marca": "VolksWagen",
        "modelo": "Golf",
        "ano": 2014,
        "valor": 42000.00
      },
      {
        "id": 412,
        "marca": "Chevrolet",
        "modelo": "Corsa",
        "ano": 2019,
        "valor": 52000.00
      },
      {
        "id": 413,
        "marca": "Fiat",
        "modelo": "Uno",
        "ano": 2012,
        "valor": 22000.00
      },
      {
        "id": 414,
        "marca": "Ford",
        "modelo": "Fiesta",
        "ano": 2014,
        "valor": 28000.00
      }
    ]
  },
  "motos": {
    "novos": [
      {
        "id": 617,
        "marca": "Yamaha",
        "modelo": "Factor 1251 UBS",
        "ano": 2024,
        "valor": 29000.00
      },
      {
        "id": 618,
        "marca": "Yamaha",
        "modelo": "Fazer 150 UBS",
        "ano": 2024,
        "valor": 25000.00
      },
      {
        "id": 619,
        "marca": "Honda",
        "modelo": "Sahara 300",
        "ano": 2024,
        "valor": 28000.00
      }
    ],
    "usados": [
      {
        "id": 720,
        "marca": "Yamaha",
        "modelo": "Fazer 150",
        "ano": 2020,
        "valor": 17000.00
      },
      {
        "id": 721,
        "marca": "Honda",
        "modelo": "Biz",
        "ano": 2019,
        "valor": 16000.00
      }
    ]
  }
}
